{"data": {"ethereum": {"dexTrades": [{"date": {"date": "2021-01"}, "trades": "5178531", "traders": "299035", "contracts": "8845", "currencies": "4976"}, {"date": {"date": "2021-02"}, "trades": "5095820", "traders": "347426", "contracts": "7370", "currencies": "3857"}, {"date": {"date": "2021-03"}, "trades": "5900288", "traders": "456066", "contracts": "8283", "currencies": "4467"}, {"date": {"date": "2021-04"}, "trades": "6140761", "traders": "577350", "contracts": "10491", "currencies": "5695"}, {"date": {"date": "2021-05"}, "trades": "7878549", "traders": "875727", "contracts": "14262", "currencies": "7843"}, {"date": {"date": "2021-06"}, "trades": "6781814", "traders": "563194", "contracts": "17990", "currencies": "9902"}, {"date": {"date": "2021-07"}, "trades": "5984810", "traders": "492503", "contracts": "15157", "currencies": "8687"}, {"date": {"date": "2021-08"}, "trades": "4797165", "traders": "438673", "contracts": "11957", "currencies": "6726"}, {"date": {"date": "2021-09"}, "trades": "3821140", "traders": "396659", "contracts": "10554", "currencies": "5864"}, {"date": {"date": "2021-10"}, "trades": "4974685", "traders": "617230", "contracts": "11314", "currencies": "6494"}, {"date": {"date": "2021-11"}, "trades": "5574726", "traders": "688268", "contracts": "12872", "currencies": "7676"}, {"date": {"date": "2021-12"}, "trades": "4425260", "traders": "487136", "contracts": "13136", "currencies": "7944"}, {"date": {"date": "2022-01"}, "trades": "3464039", "traders": "378199", "contracts": "10308", "currencies": "5943"}, {"date": {"date": "2022-02"}, "trades": "2960884", "traders": "323760", "contracts": "11797", "currencies": "7110"}, {"date": {"date": "2022-03"}, "trades": "3727333", "traders": "338680", "contracts": "14863", "currencies": "9473"}, {"date": {"date": "2022-04"}, "trades": "3568307", "traders": "309185", "contracts": "14302", "currencies": "9435"}, {"date": {"date": "2022-05"}, "trades": "2660449", "traders": "234609", "contracts": "12771", "currencies": "7609"}]}}}
