{"data": {"ethereum": {"dexTrades": [{"buyCurrency": {"symbol": "WETH"}, "sellCurrency": {"symbol": "USDC"}, "count": 3074420, "tradeAmount": 172002293158.76556, "started": "2021-01-01"}, {"buyCurrency": {"symbol": "USDC"}, "sellCurrency": {"symbol": "WETH"}, "count": 2713255, "tradeAmount": 170634721406.49026, "started": "2021-01-01"}, {"buyCurrency": {"symbol": "SF"}, "sellCurrency": {"symbol": "WETH"}, "count": 12, "tradeAmount": 123568881602.2648, "started": "2022-04-12"}, {"buyCurrency": {"symbol": "WETH"}, "sellCurrency": {"symbol": "USDT"}, "count": 2494699, "tradeAmount": 66822774503.62699, "started": "2021-01-01"}, {"buyCurrency": {"symbol": "USDT"}, "sellCurrency": {"symbol": "WETH"}, "count": 2574017, "tradeAmount": 65536039294.19888, "started": "2021-01-01"}, {"buyCurrency": {"symbol": "DAI"}, "sellCurrency": {"symbol": "WETH"}, "count": 876994, "tradeAmount": 35397946266.80798, "started": "2021-01-01"}, {"buyCurrency": {"symbol": "WETH"}, "sellCurrency": {"symbol": "DAI"}, "count": 960203, "tradeAmount": 35165596393.17288, "started": "2021-01-01"}, {"buyCurrency": {"symbol": "WBTC"}, "sellCurrency": {"symbol": "WETH"}, "count": 378304, "tradeAmount": 29924842646.014236, "started": "2021-01-01"}, {"buyCurrency": {"symbol": "WETH"}, "sellCurrency": {"symbol": "WBTC"}, "count": 411293, "tradeAmount": 29231504252.571968, "started": "2021-01-01"}, {"buyCurrency": {"symbol": "USDT"}, "sellCurrency": {"symbol": "USDC"}, "count": 296313, "tradeAmount": 23997242711.466805, "started": "2021-01-01"}, {"buyCurrency": {"symbol": "USDC"}, "sellCurrency": {"symbol": "USDT"}, "count": 274015, "tradeAmount": 23985471314.15563, "started": "2021-01-01"}, {"buyCurrency": {"symbol": "USDC"}, "sellCurrency": {"symbol": "DAI"}, "count": 127724, "tradeAmount": 9555739910.223597, "started": "2021-01-01"}, {"buyCurrency": {"symbol": "DAI"}, "sellCurrency": {"symbol": "USDC"}, "count": 129324, "tradeAmount": 9401471300.628502, "started": "2021-01-01"}, {"buyCurrency": {"symbol": "SHIB"}, "sellCurrency": {"symbol": "WETH"}, "count": 634865, "tradeAmount": 8305974076.53046, "started": "2021-01-09"}, {"buyCurrency": {"symbol": "WETH"}, "sellCurrency": {"symbol": "SHIB"}, "count": 1331083, "tradeAmount": 8217408265.124976, "started": "2021-01-02"}, {"buyCurrency": {"symbol": "SUSHI"}, "sellCurrency": {"symbol": "WETH"}, "count": 224365, "tradeAmount": 7741297022.844175, "started": "2021-01-01"}, {"buyCurrency": {"symbol": "WETH"}, "sellCurrency": {"symbol": "SUSHI"}, "count": 206567, "tradeAmount": 7484472696.508812, "started": "2021-01-01"}, {"buyCurrency": {"symbol": "WBTC"}, "sellCurrency": {"symbol": "USDC"}, "count": 113988, "tradeAmount": 6955971946.992788, "started": "2021-01-01"}, {"buyCurrency": {"symbol": "USDC"}, "sellCurrency": {"symbol": "WBTC"}, "count": 107687, "tradeAmount": 6529201256.011528, "started": "2021-01-01"}, {"buyCurrency": {"symbol": "AAVE"}, "sellCurrency": {"symbol": "WETH"}, "count": 128854, "tradeAmount": 5663993022.007521, "started": "2021-01-01"}, {"buyCurrency": {"symbol": "WETH"}, "sellCurrency": {"symbol": "SCAMMY"}, "count": 50, "tradeAmount": 5547774427.768264, "started": "2021-03-30"}, {"buyCurrency": {"symbol": "WETH"}, "sellCurrency": {"symbol": "welp"}, "count": 50, "tradeAmount": 5526234740.598484, "started": "2021-03-30"}, {"buyCurrency": {"symbol": "LINK"}, "sellCurrency": {"symbol": "WETH"}, "count": 211934, "tradeAmount": 5510132429.979556, "started": "2021-01-01"}, {"buyCurrency": {"symbol": "WETH"}, "sellCurrency": {"symbol": "AAVE"}, "count": 120139, "tradeAmount": 5500607251.803395, "started": "2021-01-01"}, {"buyCurrency": {"symbol": "WETH"}, "sellCurrency": {"symbol": "generalize fix for rebass tokens"}, "count": 50, "tradeAmount": 5446368121.597464, "started": "2021-03-31"}, {"buyCurrency": {"symbol": "WETH"}, "sellCurrency": {"symbol": "LINK"}, "count": 202900, "tradeAmount": 5323438108.949926, "started": "2021-01-01"}, {"buyCurrency": {"symbol": "UNI"}, "sellCurrency": {"symbol": "WETH"}, "count": 225694, "tradeAmount": 5272831720.473973, "started": "2021-01-01"}, {"buyCurrency": {"symbol": "WETH"}, "sellCurrency": {"symbol": "UNI"}, "count": 187863, "tradeAmount": 5159423194.743089, "started": "2021-01-01"}, {"buyCurrency": {"symbol": "WETH"}, "sellCurrency": {"symbol": "DELTA"}, "count": 4342, "tradeAmount": 4963112280.537813, "started": "2021-03-28"}, {"buyCurrency": {"symbol": "FEI"}, "sellCurrency": {"symbol": "WETH"}, "count": 38717, "tradeAmount": 4348443602.970387, "started": "2021-04-03"}, {"buyCurrency": {"symbol": "FEI"}, "sellCurrency": {"symbol": "USDC"}, "count": 22592, "tradeAmount": 4131778608.4950523, "started": "2021-04-03"}, {"buyCurrency": {"symbol": "USDC"}, "sellCurrency": {"symbol": "FEI"}, "count": 20858, "tradeAmount": 4126855255.634111, "started": "2021-04-03"}, {"buyCurrency": {"symbol": "WETH"}, "sellCurrency": {"symbol": "FEI"}, "count": 31306, "tradeAmount": 3745925107.1221538, "started": "2021-04-03"}, {"buyCurrency": {"symbol": "LOOKS"}, "sellCurrency": {"symbol": "WETH"}, "count": 217602, "tradeAmount": 3686104089.1352987, "started": "2022-01-10"}, {"buyCurrency": {"symbol": "WETH"}, "sellCurrency": {"symbol": "LOOKS"}, "count": 239640, "tradeAmount": 3669944411.172251, "started": "2022-01-10"}, {"buyCurrency": {"symbol": "UST"}, "sellCurrency": {"symbol": "USDC"}, "count": 24875, "tradeAmount": 3428007865.6117334, "started": "2021-03-17"}, {"buyCurrency": {"symbol": "USDC"}, "sellCurrency": {"symbol": "UST"}, "count": 26717, "tradeAmount": 3391813086.7871118, "started": "2021-01-19"}, {"buyCurrency": {"symbol": "stETH"}, "sellCurrency": {"symbol": "-"}, "count": 27845, "tradeAmount": 3280654481.1845393, "started": "2021-01-05"}, {"buyCurrency": {"symbol": "WETH"}, "sellCurrency": {"symbol": "APE"}, "count": 172111, "tradeAmount": 3006824426.3298774, "started": "2022-03-17"}, {"buyCurrency": {"symbol": "APE"}, "sellCurrency": {"symbol": "WETH"}, "count": 124536, "tradeAmount": 3003807615.2885804, "started": "2022-03-17"}, {"buyCurrency": {"symbol": "OHM"}, "sellCurrency": {"symbol": "DAI"}, "count": 61505, "tradeAmount": 2960436164.712142, "started": "2021-03-23"}, {"buyCurrency": {"symbol": "DAI"}, "sellCurrency": {"symbol": "OHM"}, "count": 127452, "tradeAmount": 2872907455.7093, "started": "2021-03-23"}, {"buyCurrency": {"symbol": "USDC"}, "sellCurrency": {"symbol": "HEX"}, "count": 213858, "tradeAmount": 2832325508.368571, "started": "2021-01-01"}, {"buyCurrency": {"symbol": "HEX"}, "sellCurrency": {"symbol": "USDC"}, "count": 101752, "tradeAmount": 2815918191.549731, "started": "2021-01-01"}, {"buyCurrency": {"symbol": "DAI"}, "sellCurrency": {"symbol": "USDT"}, "count": 78059, "tradeAmount": 2809629968.1968927, "started": "2021-01-01"}, {"buyCurrency": {"symbol": "-"}, "sellCurrency": {"symbol": "stETH"}, "count": 9554, "tradeAmount": 2760572952.3271966, "started": "2021-01-05"}, {"buyCurrency": {"symbol": "USDT"}, "sellCurrency": {"symbol": "DAI"}, "count": 80058, "tradeAmount": 2725715531.085199, "started": "2021-01-01"}, {"buyCurrency": {"symbol": "YFI"}, "sellCurrency": {"symbol": "WETH"}, "count": 94921, "tradeAmount": 2657357373.523947, "started": "2021-01-01"}, {"buyCurrency": {"symbol": "SPELL"}, "sellCurrency": {"symbol": "WETH"}, "count": 91236, "tradeAmount": 2634038468.989187, "started": "2021-05-27"}, {"buyCurrency": {"symbol": "WETH"}, "sellCurrency": {"symbol": "SPELL"}, "count": 118979, "tradeAmount": 2631330942.1635027, "started": "2021-05-27"}]}}}