{"data": {"ethereum": {"dexTrades": [{"exchange": {"fullName": "Uniswap"}, "trades": 68785599, "tradeAmount": 931584327172.0623, "currencies": 40143, "contracts": 57555}, {"exchange": {"fullName": "SushiSwap"}, "trades": 8183620, "tradeAmount": 171677332813.7874, "currencies": 1864, "contracts": 2407}, {"exchange": {"fullName": "<Uniswap v2>"}, "trades": 1751660, "tradeAmount": 137564925931.4078, "currencies": 840, "contracts": 1721}, {"exchange": {"fullName": "Zerox Exchange"}, "trades": 568420, "tradeAmount": 33321933306.151443, "currencies": 1021, "contracts": 3}, {"exchange": {"fullName": "Curve"}, "trades": 99511, "tradeAmount": 23440189492.228863, "currencies": 17, "contracts": 7}, {"exchange": {"fullName": "Bancor Network"}, "trades": 713386, "tradeAmount": 19150581943.807106, "currencies": 305, "contracts": 1}, {"exchange": {"fullName": "Balancer"}, "trades": 1110774, "tradeAmount": 18299474478.287422, "currencies": 720, "contracts": 1369}, {"exchange": {"fullName": "Dodo"}, "trades": 106244, "tradeAmount": 17698670448.98902, "currencies": 12, "contracts": 12}, {"exchange": {"fullName": "<Zerox Exchange v2>"}, "trades": 259721, "tradeAmount": 14249201717.24958, "currencies": 62, "contracts": 2}, {"exchange": {"fullName": "<Curve>"}, "trades": 48037, "tradeAmount": 13315946159.848576, "currencies": 18, "contracts": 11}, {"exchange": {"fullName": "1inch"}, "trades": 181172, "tradeAmount": 9800700559.55483, "currencies": 232, "contracts": 2}, {"exchange": {"fullName": "dYdX"}, "trades": 100334, "tradeAmount": 8893685362.929068, "currencies": 3, "contracts": 1}, {"exchange": {"fullName": "1inch Liquidity Protocol"}, "trades": 210887, "tradeAmount": 7040444633.376233, "currencies": 148, "contracts": 205}, {"exchange": {"fullName": "Kyber Network"}, "trades": 71788, "tradeAmount": 2513646274.4620028, "currencies": 93, "contracts": 2}, {"exchange": {"fullName": "CRO DeFi Swap"}, "trades": 338825, "tradeAmount": 1601789067.826247, "currencies": 29, "contracts": 81}, {"exchange": {"fullName": "<Zerox Exchange v3>"}, "trades": 46615, "tradeAmount": 1577320648.4779022, "currencies": 1017, "contracts": 1}, {"exchange": {"fullName": "Tokenlon"}, "trades": 29218, "tradeAmount": 1411282800.322262, "currencies": 25, "contracts": 1}, {"exchange": {"fullName": "Matcha"}, "trades": 40382, "tradeAmount": 1205833035.8776217, "currencies": 855, "contracts": 1}, {"exchange": {"fullName": "Cofix"}, "trades": 2293, "tradeAmount": 289753983.4690598, "currencies": 3, "contracts": 2}, {"exchange": {"fullName": "Mooniswap"}, "trades": 43398, "tradeAmount": 202003665.42830873, "currencies": 203, "contracts": 261}, {"exchange": {"fullName": "AirSwap"}, "trades": 4320, "tradeAmount": 200145372.78172386, "currencies": 436, "contracts": 1}, {"exchange": {"fullName": "SakeSwap"}, "trades": 42217, "tradeAmount": 179371787.93989035, "currencies": 54, "contracts": 69}, {"exchange": {"fullName": "Cream Pool Token"}, "trades": 9189, "tradeAmount": 42857480.55584234, "currencies": 13, "contracts": 11}, {"exchange": {"fullName": "Bamboo Relay"}, "trades": 2506, "tradeAmount": 40142365.24042522, "currencies": 7, "contracts": 1}, {"exchange": {"fullName": "<Smart DeFi>"}, "trades": 13559, "tradeAmount": 28792929.94409579, "currencies": 9, "contracts": 9}, {"exchange": {"fullName": "IDEX"}, "trades": 7689, "tradeAmount": 28259154.48212971, "currencies": 71, "contracts": 1}, {"exchange": {"fullName": "FEGex"}, "trades": 11020, "tradeAmount": 26263898.6870473, "currencies": 29, "contracts": 30}, {"exchange": {"fullName": "<Uniswap>"}, "trades": 9343, "tradeAmount": 25523000.46266191, "currencies": 19, "contracts": 21}, {"exchange": {"fullName": "<Balancer Pool Token>"}, "trades": 10433, "tradeAmount": 22380237.562556334, "currencies": 43, "contracts": 48}, {"exchange": {"fullName": "EtherDelta"}, "trades": 7978, "tradeAmount": 13050827.991139723, "currencies": 395, "contracts": 2}, {"exchange": {"fullName": "Oasis"}, "trades": 345, "tradeAmount": 7675807.821515682, "currencies": 2, "contracts": 1}, {"exchange": {"fullName": "Miniswap"}, "trades": 7677, "tradeAmount": 6462413.7200263245, "currencies": 25, "contracts": 26}, {"exchange": {"fullName": "CellSwap"}, "trades": 2818, "tradeAmount": 5478813.488649036, "currencies": 26, "contracts": 28}, {"exchange": {"fullName": "SingularX"}, "trades": 1428, "tradeAmount": 3565904.3983068066, "currencies": 6, "contracts": 1}, {"exchange": {"fullName": "<Dodo>"}, "trades": 441, "tradeAmount": 2890940.4464994953, "currencies": 4, "contracts": 2}, {"exchange": {"fullName": "<Mooniswap>"}, "trades": 2537, "tradeAmount": 2534710.597718503, "currencies": 17, "contracts": 21}, {"exchange": {"fullName": "Radar Relay"}, "trades": 448, "tradeAmount": 1816195.20848581, "currencies": 9, "contracts": 2}, {"exchange": {"fullName": "TokenTrove"}, "trades": 7421, "tradeAmount": 1781748.3495643542, "currencies": 6, "contracts": 2}, {"exchange": {"fullName": "TacoSwap"}, "trades": 1556, "tradeAmount": 1414492.9031214048, "currencies": 9, "contracts": 11}, {"exchange": {"fullName": "S.Finance"}, "trades": 10, "tradeAmount": 245111.22422690172, "currencies": 5, "contracts": 4}, {"exchange": {"fullName": "SwitchDex"}, "trades": 142, "tradeAmount": 210284.70111902646, "currencies": 4, "contracts": 1}, {"exchange": {"fullName": "ZeusSwap"}, "trades": 608, "tradeAmount": 143150.50720528045, "currencies": 15, "contracts": 33}, {"exchange": {"fullName": "FFFSwap"}, "trades": 469, "tradeAmount": 134185.4519071639, "currencies": 4, "contracts": 6}, {"exchange": {"fullName": "LedgerDex"}, "trades": 42, "tradeAmount": 121734.77285490364, "currencies": 7, "contracts": 1}, {"exchange": {"fullName": "dex.blue"}, "trades": 3, "tradeAmount": 44731.02973859763, "currencies": 1, "contracts": 1}, {"exchange": {"fullName": "SwapX"}, "trades": 253, "tradeAmount": 43785.03623767311, "currencies": 9, "contracts": 12}, {"exchange": {"fullName": "BestSwap"}, "trades": 489, "tradeAmount": 26464.617118217884, "currencies": 8, "contracts": 6}, {"exchange": {"fullName": "StarBitEx"}, "trades": 6, "tradeAmount": 8290.91302029815, "currencies": 2, "contracts": 1}, {"exchange": {"fullName": "HiSwap"}, "trades": 68, "tradeAmount": 7849.553949346035, "currencies": 4, "contracts": 3}, {"exchange": {"fullName": "<DDEX Hydro v1.1>"}, "trades": 42, "tradeAmount": 4078.12110138368, "currencies": 2, "contracts": 2}, {"exchange": {"fullName": "<Uniswap v3>"}, "trades": 6, "tradeAmount": 3499.5218235728025, "currencies": 2, "contracts": 2}, {"exchange": {"fullName": "<EtherDelta>"}, "trades": 11, "tradeAmount": 727.1588455744941, "currencies": 4, "contracts": 2}]}}}