{"data": {"ethereum": {"dexTrades": [{"date": {"date": "2021-01-01"}, "trades": "172478", "traders": "30993", "contracts": "3439", "currencies": "1893"}, {"date": {"date": "2021-01-02"}, "trades": "167977", "traders": "30606", "contracts": "3269", "currencies": "1754"}, {"date": {"date": "2021-01-03"}, "trades": "160319", "traders": "29068", "contracts": "3273", "currencies": "1797"}, {"date": {"date": "2021-01-04"}, "trades": "136184", "traders": "24812", "contracts": "2932", "currencies": "1655"}, {"date": {"date": "2021-01-05"}, "trades": "151698", "traders": "28753", "contracts": "3144", "currencies": "1757"}, {"date": {"date": "2021-01-06"}, "trades": "145729", "traders": "28264", "contracts": "3224", "currencies": "1807"}, {"date": {"date": "2021-01-07"}, "trades": "133913", "traders": "26237", "contracts": "3067", "currencies": "1769"}, {"date": {"date": "2021-01-08"}, "trades": "139879", "traders": "27397", "contracts": "3003", "currencies": "1704"}, {"date": {"date": "2021-01-09"}, "trades": "150128", "traders": "30745", "contracts": "3262", "currencies": "1834"}, {"date": {"date": "2021-01-10"}, "trades": "148939", "traders": "28239", "contracts": "3405", "currencies": "1937"}, {"date": {"date": "2021-01-11"}, "trades": "137831", "traders": "22526", "contracts": "2801", "currencies": "1460"}, {"date": {"date": "2021-01-12"}, "trades": "146636", "traders": "26524", "contracts": "3136", "currencies": "1761"}, {"date": {"date": "2021-01-13"}, "trades": "147013", "traders": "26615", "contracts": "3338", "currencies": "1814"}, {"date": {"date": "2021-01-14"}, "trades": "163929", "traders": "28938", "contracts": "3239", "currencies": "1768"}, {"date": {"date": "2021-01-15"}, "trades": "160767", "traders": "29086", "contracts": "3165", "currencies": "1747"}, {"date": {"date": "2021-01-16"}, "trades": "176132", "traders": "32061", "contracts": "3274", "currencies": "1776"}, {"date": {"date": "2021-01-17"}, "trades": "186831", "traders": "34382", "contracts": "3337", "currencies": "1861"}, {"date": {"date": "2021-01-18"}, "trades": "193042", "traders": "36068", "contracts": "3280", "currencies": "1801"}, {"date": {"date": "2021-01-19"}, "trades": "176853", "traders": "33215", "contracts": "3212", "currencies": "1764"}, {"date": {"date": "2021-01-20"}, "trades": "173010", "traders": "33547", "contracts": "3084", "currencies": "1720"}, {"date": {"date": "2021-01-21"}, "trades": "167328", "traders": "31810", "contracts": "2894", "currencies": "1566"}, {"date": {"date": "2021-01-22"}, "trades": "162127", "traders": "31143", "contracts": "2790", "currencies": "1502"}, {"date": {"date": "2021-01-23"}, "trades": "182909", "traders": "34076", "contracts": "3013", "currencies": "1623"}, {"date": {"date": "2021-01-24"}, "trades": "196178", "traders": "36172", "contracts": "3224", "currencies": "1735"}, {"date": {"date": "2021-01-25"}, "trades": "191784", "traders": "36828", "contracts": "3017", "currencies": "1638"}, {"date": {"date": "2021-01-26"}, "trades": "182862", "traders": "35396", "contracts": "3015", "currencies": "1628"}, {"date": {"date": "2021-01-27"}, "trades": "185876", "traders": "34734", "contracts": "3084", "currencies": "1628"}, {"date": {"date": "2021-01-28"}, "trades": "182129", "traders": "35577", "contracts": "3058", "currencies": "1662"}, {"date": {"date": "2021-01-29"}, "trades": "173807", "traders": "33565", "contracts": "2894", "currencies": "1574"}, {"date": {"date": "2021-01-30"}, "trades": "181860", "traders": "38315", "contracts": "3075", "currencies": "1641"}, {"date": {"date": "2021-01-31"}, "trades": "202383", "traders": "40486", "contracts": "3051", "currencies": "1606"}, {"date": {"date": "2021-02-01"}, "trades": "196032", "traders": "39725", "contracts": "2855", "currencies": "1538"}, {"date": {"date": "2021-02-02"}, "trades": "186479", "traders": "38846", "contracts": "3014", "currencies": "1579"}, {"date": {"date": "2021-02-03"}, "trades": "187229", "traders": "40140", "contracts": "2944", "currencies": "1595"}, {"date": {"date": "2021-02-04"}, "trades": "183468", "traders": "37307", "contracts": "2771", "currencies": "1448"}, {"date": {"date": "2021-02-05"}, "trades": "192521", "traders": "42504", "contracts": "2814", "currencies": "1452"}, {"date": {"date": "2021-02-06"}, "trades": "181024", "traders": "39041", "contracts": "2946", "currencies": "1559"}, {"date": {"date": "2021-02-07"}, "trades": "193766", "traders": "41151", "contracts": "3092", "currencies": "1661"}, {"date": {"date": "2021-02-08"}, "trades": "185874", "traders": "39886", "contracts": "2859", "currencies": "1539"}, {"date": {"date": "2021-02-09"}, "trades": "183405", "traders": "40527", "contracts": "2899", "currencies": "1545"}, {"date": {"date": "2021-02-10"}, "trades": "175139", "traders": "37664", "contracts": "2819", "currencies": "1481"}, {"date": {"date": "2021-02-11"}, "trades": "187683", "traders": "41351", "contracts": "3033", "currencies": "1590"}, {"date": {"date": "2021-02-12"}, "trades": "200736", "traders": "44160", "contracts": "3027", "currencies": "1565"}, {"date": {"date": "2021-02-13"}, "trades": "208910", "traders": "46344", "contracts": "2970", "currencies": "1545"}, {"date": {"date": "2021-02-14"}, "trades": "211329", "traders": "44996", "contracts": "3148", "currencies": "1640"}, {"date": {"date": "2021-02-15"}, "trades": "201172", "traders": "41800", "contracts": "3008", "currencies": "1620"}, {"date": {"date": "2021-02-16"}, "trades": "185504", "traders": "42086", "contracts": "2883", "currencies": "1556"}, {"date": {"date": "2021-02-17"}, "trades": "201081", "traders": "42687", "contracts": "3041", "currencies": "1619"}, {"date": {"date": "2021-02-18"}, "trades": "189038", "traders": "41854", "contracts": "3011", "currencies": "1638"}, {"date": {"date": "2021-02-19"}, "trades": "174024", "traders": "37400", "contracts": "3003", "currencies": "1605"}, {"date": {"date": "2021-02-20"}, "trades": "165662", "traders": "34986", "contracts": "3053", "currencies": "1618"}, {"date": {"date": "2021-02-21"}, "trades": "167260", "traders": "38368", "contracts": "3131", "currencies": "1659"}, {"date": {"date": "2021-02-22"}, "trades": "166139", "traders": "38224", "contracts": "2860", "currencies": "1546"}, {"date": {"date": "2021-02-23"}, "trades": "145286", "traders": "28837", "contracts": "2707", "currencies": "1365"}, {"date": {"date": "2021-02-24"}, "trades": "164582", "traders": "39059", "contracts": "2851", "currencies": "1528"}, {"date": {"date": "2021-02-25"}, "trades": "170567", "traders": "36874", "contracts": "2878", "currencies": "1521"}, {"date": {"date": "2021-02-26"}, "trades": "162831", "traders": "33705", "contracts": "2985", "currencies": "1574"}, {"date": {"date": "2021-02-27"}, "trades": "160267", "traders": "34168", "contracts": "3006", "currencies": "1635"}, {"date": {"date": "2021-02-28"}, "trades": "168812", "traders": "34177", "contracts": "3214", "currencies": "1710"}, {"date": {"date": "2021-03-01"}, "trades": "165705", "traders": "35062", "contracts": "3118", "currencies": "1676"}, {"date": {"date": "2021-03-02"}, "trades": "160585", "traders": "34202", "contracts": "3157", "currencies": "1664"}, {"date": {"date": "2021-03-03"}, "trades": "171482", "traders": "36482", "contracts": "3081", "currencies": "1676"}, {"date": {"date": "2021-03-04"}, "trades": "173759", "traders": "36852", "contracts": "3150", "currencies": "1706"}, {"date": {"date": "2021-03-05"}, "trades": "196775", "traders": "39222", "contracts": "2971", "currencies": "1626"}, {"date": {"date": "2021-03-06"}, "trades": "178666", "traders": "36919", "contracts": "3338", "currencies": "1778"}, {"date": {"date": "2021-03-07"}, "trades": "184005", "traders": "39212", "contracts": "2977", "currencies": "1634"}, {"date": {"date": "2021-03-08"}, "trades": "188282", "traders": "41892", "contracts": "3064", "currencies": "1680"}, {"date": {"date": "2021-03-09"}, "trades": "189335", "traders": "44203", "contracts": "3124", "currencies": "1724"}, {"date": {"date": "2021-03-10"}, "trades": "177288", "traders": "41819", "contracts": "3111", "currencies": "1731"}, {"date": {"date": "2021-03-11"}, "trades": "178214", "traders": "42105", "contracts": "3058", "currencies": "1685"}, {"date": {"date": "2021-03-12"}, "trades": "187634", "traders": "47499", "contracts": "2952", "currencies": "1622"}, {"date": {"date": "2021-03-13"}, "trades": "187000", "traders": "45354", "contracts": "3041", "currencies": "1637"}, {"date": {"date": "2021-03-14"}, "trades": "204576", "traders": "49010", "contracts": "3165", "currencies": "1747"}, {"date": {"date": "2021-03-15"}, "trades": "200890", "traders": "50816", "contracts": "2953", "currencies": "1606"}, {"date": {"date": "2021-03-16"}, "trades": "195151", "traders": "49444", "contracts": "3040", "currencies": "1701"}, {"date": {"date": "2021-03-17"}, "trades": "191579", "traders": "49048", "contracts": "3017", "currencies": "1669"}, {"date": {"date": "2021-03-18"}, "trades": "181168", "traders": "46862", "contracts": "3072", "currencies": "1744"}, {"date": {"date": "2021-03-19"}, "trades": "194794", "traders": "49297", "contracts": "3299", "currencies": "1861"}, {"date": {"date": "2021-03-20"}, "trades": "194911", "traders": "50886", "contracts": "3288", "currencies": "1856"}, {"date": {"date": "2021-03-21"}, "trades": "187197", "traders": "47523", "contracts": "3284", "currencies": "1885"}, {"date": {"date": "2021-03-22"}, "trades": "209892", "traders": "52199", "contracts": "3148", "currencies": "1764"}, {"date": {"date": "2021-03-23"}, "trades": "200742", "traders": "50047", "contracts": "3363", "currencies": "1848"}, {"date": {"date": "2021-03-24"}, "trades": "208325", "traders": "50288", "contracts": "3257", "currencies": "1823"}, {"date": {"date": "2021-03-25"}, "trades": "185466", "traders": "46480", "contracts": "3179", "currencies": "1777"}, {"date": {"date": "2021-03-26"}, "trades": "193682", "traders": "48770", "contracts": "3354", "currencies": "1892"}, {"date": {"date": "2021-03-27"}, "trades": "203120", "traders": "49082", "contracts": "3451", "currencies": "1898"}, {"date": {"date": "2021-03-28"}, "trades": "204166", "traders": "48155", "contracts": "3416", "currencies": "1933"}, {"date": {"date": "2021-03-29"}, "trades": "201577", "traders": "48820", "contracts": "3309", "currencies": "1883"}, {"date": {"date": "2021-03-30"}, "trades": "203478", "traders": "50242", "contracts": "3297", "currencies": "1858"}, {"date": {"date": "2021-03-31"}, "trades": "200844", "traders": "50713", "contracts": "3143", "currencies": "1819"}, {"date": {"date": "2021-04-01"}, "trades": "209110", "traders": "54121", "contracts": "3195", "currencies": "1842"}, {"date": {"date": "2021-04-02"}, "trades": "188454", "traders": "48007", "contracts": "3323", "currencies": "1898"}, {"date": {"date": "2021-04-03"}, "trades": "177626", "traders": "45847", "contracts": "3444", "currencies": "1962"}, {"date": {"date": "2021-04-04"}, "trades": "178270", "traders": "45392", "contracts": "3460", "currencies": "1957"}, {"date": {"date": "2021-04-05"}, "trades": "186264", "traders": "47022", "contracts": "3275", "currencies": "1892"}, {"date": {"date": "2021-04-06"}, "trades": "193653", "traders": "48533", "contracts": "3354", "currencies": "1935"}, {"date": {"date": "2021-04-07"}, "trades": "196369", "traders": "47198", "contracts": "3394", "currencies": "1892"}, {"date": {"date": "2021-04-08"}, "trades": "187070", "traders": "46566", "contracts": "3480", "currencies": "1983"}, {"date": {"date": "2021-04-09"}, "trades": "178692", "traders": "43423", "contracts": "3404", "currencies": "2000"}, {"date": {"date": "2021-04-10"}, "trades": "182449", "traders": "42914", "contracts": "3707", "currencies": "2103"}, {"date": {"date": "2021-04-11"}, "trades": "177752", "traders": "43069", "contracts": "3702", "currencies": "2116"}, {"date": {"date": "2021-04-12"}, "trades": "174670", "traders": "41770", "contracts": "3556", "currencies": "2008"}, {"date": {"date": "2021-04-13"}, "trades": "175270", "traders": "41761", "contracts": "3590", "currencies": "2036"}, {"date": {"date": "2021-04-14"}, "trades": "184562", "traders": "42366", "contracts": "3524", "currencies": "2002"}, {"date": {"date": "2021-04-15"}, "trades": "193951", "traders": "44881", "contracts": "3844", "currencies": "2135"}, {"date": {"date": "2021-04-16"}, "trades": "193163", "traders": "50069", "contracts": "3316", "currencies": "1912"}, {"date": {"date": "2021-04-17"}, "trades": "225525", "traders": "62294", "contracts": "3368", "currencies": "2001"}, {"date": {"date": "2021-04-18"}, "trades": "215329", "traders": "54163", "contracts": "3521", "currencies": "1935"}, {"date": {"date": "2021-04-19"}, "trades": "214118", "traders": "57140", "contracts": "3358", "currencies": "1909"}, {"date": {"date": "2021-04-20"}, "trades": "233565", "traders": "63979", "contracts": "3348", "currencies": "1956"}, {"date": {"date": "2021-04-21"}, "trades": "232493", "traders": "63908", "contracts": "3615", "currencies": "2065"}, {"date": {"date": "2021-04-22"}, "trades": "233630", "traders": "55756", "contracts": "3970", "currencies": "2236"}, {"date": {"date": "2021-04-23"}, "trades": "238242", "traders": "54275", "contracts": "4060", "currencies": "2282"}, {"date": {"date": "2021-04-24"}, "trades": "205722", "traders": "51690", "contracts": "4428", "currencies": "2506"}, {"date": {"date": "2021-04-25"}, "trades": "213699", "traders": "50813", "contracts": "4589", "currencies": "2641"}, {"date": {"date": "2021-04-26"}, "trades": "222749", "traders": "52815", "contracts": "4495", "currencies": "2540"}, {"date": {"date": "2021-04-27"}, "trades": "225165", "traders": "55214", "contracts": "4351", "currencies": "2503"}, {"date": {"date": "2021-04-28"}, "trades": "228780", "traders": "54481", "contracts": "4306", "currencies": "2511"}, {"date": {"date": "2021-04-29"}, "trades": "228802", "traders": "56760", "contracts": "4250", "currencies": "2445"}, {"date": {"date": "2021-04-30"}, "trades": "245617", "traders": "61430", "contracts": "4399", "currencies": "2518"}, {"date": {"date": "2021-05-01"}, "trades": "241726", "traders": "58894", "contracts": "4802", "currencies": "2670"}, {"date": {"date": "2021-05-02"}, "trades": "273243", "traders": "65617", "contracts": "4729", "currencies": "2695"}, {"date": {"date": "2021-05-03"}, "trades": "246950", "traders": "57519", "contracts": "4612", "currencies": "2659"}, {"date": {"date": "2021-05-04"}, "trades": "250292", "traders": "59378", "contracts": "4549", "currencies": "2582"}, {"date": {"date": "2021-05-05"}, "trades": "240464", "traders": "62888", "contracts": "4553", "currencies": "2529"}, {"date": {"date": "2021-05-06"}, "trades": "212592", "traders": "56497", "contracts": "4402", "currencies": "2373"}, {"date": {"date": "2021-05-07"}, "trades": "222766", "traders": "62158", "contracts": "4378", "currencies": "2336"}, {"date": {"date": "2021-05-08"}, "trades": "272983", "traders": "81472", "contracts": "3882", "currencies": "2006"}, {"date": {"date": "2021-05-09"}, "trades": "281864", "traders": "91701", "contracts": "4113", "currencies": "2145"}, {"date": {"date": "2021-05-10"}, "trades": "277388", "traders": "89144", "contracts": "3774", "currencies": "1994"}, {"date": {"date": "2021-05-11"}, "trades": "288543", "traders": "101248", "contracts": "3408", "currencies": "1873"}, {"date": {"date": "2021-05-12"}, "trades": "280902", "traders": "85352", "contracts": "3682", "currencies": "2009"}, {"date": {"date": "2021-05-13"}, "trades": "238024", "traders": "68623", "contracts": "4065", "currencies": "2181"}, {"date": {"date": "2021-05-14"}, "trades": "258189", "traders": "83037", "contracts": "4119", "currencies": "2246"}, {"date": {"date": "2021-05-15"}, "trades": "274955", "traders": "83138", "contracts": "4402", "currencies": "2392"}, {"date": {"date": "2021-05-16"}, "trades": "274628", "traders": "76236", "contracts": "4712", "currencies": "2579"}, {"date": {"date": "2021-05-17"}, "trades": "264463", "traders": "72215", "contracts": "4467", "currencies": "2421"}, {"date": {"date": "2021-05-18"}, "trades": "274407", "traders": "79730", "contracts": "4510", "currencies": "2483"}, {"date": {"date": "2021-05-19"}, "trades": "249280", "traders": "51924", "contracts": "4226", "currencies": "2151"}, {"date": {"date": "2021-05-20"}, "trades": "235881", "traders": "56574", "contracts": "4462", "currencies": "2337"}, {"date": {"date": "2021-05-21"}, "trades": "245276", "traders": "56261", "contracts": "4658", "currencies": "2384"}, {"date": {"date": "2021-05-22"}, "trades": "235128", "traders": "52254", "contracts": "5076", "currencies": "2570"}, {"date": {"date": "2021-05-23"}, "trades": "251754", "traders": "46327", "contracts": "4684", "currencies": "2355"}, {"date": {"date": "2021-05-24"}, "trades": "253955", "traders": "53359", "contracts": "4893", "currencies": "2484"}, {"date": {"date": "2021-05-25"}, "trades": "241811", "traders": "53586", "contracts": "4752", "currencies": "2546"}, {"date": {"date": "2021-05-26"}, "trades": "240392", "traders": "54745", "contracts": "4853", "currencies": "2520"}, {"date": {"date": "2021-05-27"}, "trades": "229996", "traders": "55126", "contracts": "4830", "currencies": "2583"}, {"date": {"date": "2021-05-28"}, "trades": "264985", "traders": "65958", "contracts": "4824", "currencies": "2497"}, {"date": {"date": "2021-05-29"}, "trades": "258716", "traders": "66739", "contracts": "4989", "currencies": "2608"}, {"date": {"date": "2021-05-30"}, "trades": "252639", "traders": "56658", "contracts": "4893", "currencies": "2616"}, {"date": {"date": "2021-05-31"}, "trades": "244357", "traders": "55515", "contracts": "5075", "currencies": "2672"}, {"date": {"date": "2021-06-01"}, "trades": "231006", "traders": "55532", "contracts": "5013", "currencies": "2718"}, {"date": {"date": "2021-06-02"}, "trades": "235280", "traders": "59260", "contracts": "4974", "currencies": "2663"}, {"date": {"date": "2021-06-03"}, "trades": "248529", "traders": "64422", "contracts": "4987", "currencies": "2661"}, {"date": {"date": "2021-06-04"}, "trades": "240823", "traders": "56604", "contracts": "5081", "currencies": "2632"}, {"date": {"date": "2021-06-05"}, "trades": "228056", "traders": "52631", "contracts": "5439", "currencies": "2867"}, {"date": {"date": "2021-06-06"}, "trades": "212253", "traders": "50207", "contracts": "5655", "currencies": "3030"}, {"date": {"date": "2021-06-07"}, "trades": "246484", "traders": "55488", "contracts": "5409", "currencies": "2914"}, {"date": {"date": "2021-06-08"}, "trades": "254434", "traders": "54168", "contracts": "5418", "currencies": "2805"}, {"date": {"date": "2021-06-09"}, "trades": "246952", "traders": "51030", "contracts": "5375", "currencies": "2789"}, {"date": {"date": "2021-06-10"}, "trades": "236320", "traders": "52649", "contracts": "5370", "currencies": "2836"}, {"date": {"date": "2021-06-11"}, "trades": "245160", "traders": "51089", "contracts": "5429", "currencies": "2825"}, {"date": {"date": "2021-06-12"}, "trades": "245238", "traders": "52329", "contracts": "5618", "currencies": "2856"}, {"date": {"date": "2021-06-13"}, "trades": "220081", "traders": "48030", "contracts": "5811", "currencies": "2997"}, {"date": {"date": "2021-06-14"}, "trades": "226233", "traders": "50212", "contracts": "5444", "currencies": "2794"}, {"date": {"date": "2021-06-15"}, "trades": "231979", "traders": "52925", "contracts": "5460", "currencies": "2858"}, {"date": {"date": "2021-06-16"}, "trades": "228063", "traders": "52848", "contracts": "5357", "currencies": "2817"}, {"date": {"date": "2021-06-17"}, "trades": "228786", "traders": "52220", "contracts": "5142", "currencies": "2755"}, {"date": {"date": "2021-06-18"}, "trades": "220298", "traders": "46802", "contracts": "5283", "currencies": "2738"}, {"date": {"date": "2021-06-19"}, "trades": "220681", "traders": "45554", "contracts": "5321", "currencies": "2779"}, {"date": {"date": "2021-06-20"}, "trades": "223296", "traders": "42918", "contracts": "5446", "currencies": "2780"}, {"date": {"date": "2021-06-21"}, "trades": "232221", "traders": "41435", "contracts": "4953", "currencies": "2549"}, {"date": {"date": "2021-06-22"}, "trades": "237846", "traders": "42737", "contracts": "5056", "currencies": "2526"}, {"date": {"date": "2021-06-23"}, "trades": "216806", "traders": "42715", "contracts": "5397", "currencies": "2697"}, {"date": {"date": "2021-06-24"}, "trades": "205888", "traders": "42789", "contracts": "5256", "currencies": "2705"}, {"date": {"date": "2021-06-25"}, "trades": "216967", "traders": "42471", "contracts": "5210", "currencies": "2651"}, {"date": {"date": "2021-06-26"}, "trades": "205360", "traders": "39202", "contracts": "5697", "currencies": "2852"}, {"date": {"date": "2021-06-27"}, "trades": "189006", "traders": "38211", "contracts": "5572", "currencies": "2886"}, {"date": {"date": "2021-06-28"}, "trades": "204978", "traders": "44514", "contracts": "5444", "currencies": "2797"}, {"date": {"date": "2021-06-29"}, "trades": "205612", "traders": "46614", "contracts": "5340", "currencies": "2788"}, {"date": {"date": "2021-06-30"}, "trades": "197178", "traders": "41468", "contracts": "5138", "currencies": "2753"}, {"date": {"date": "2021-07-01"}, "trades": "210711", "traders": "43783", "contracts": "5266", "currencies": "2794"}, {"date": {"date": "2021-07-02"}, "trades": "205599", "traders": "43835", "contracts": "5445", "currencies": "2885"}, {"date": {"date": "2021-07-03"}, "trades": "219497", "traders": "45977", "contracts": "5736", "currencies": "3025"}, {"date": {"date": "2021-07-04"}, "trades": "223844", "traders": "45846", "contracts": "6015", "currencies": "3092"}, {"date": {"date": "2021-07-05"}, "trades": "209177", "traders": "42455", "contracts": "5569", "currencies": "2966"}, {"date": {"date": "2021-07-06"}, "trades": "186500", "traders": "43596", "contracts": "4723", "currencies": "2425"}, {"date": {"date": "2021-07-07"}, "trades": "185430", "traders": "46446", "contracts": "4625", "currencies": "2406"}, {"date": {"date": "2021-07-08"}, "trades": "187660", "traders": "45993", "contracts": "4805", "currencies": "2459"}, {"date": {"date": "2021-07-09"}, "trades": "185626", "traders": "45531", "contracts": "4914", "currencies": "2561"}, {"date": {"date": "2021-07-10"}, "trades": "192860", "traders": "43474", "contracts": "5191", "currencies": "2682"}, {"date": {"date": "2021-07-11"}, "trades": "185398", "traders": "42143", "contracts": "5186", "currencies": "2684"}, {"date": {"date": "2021-07-12"}, "trades": "176820", "traders": "42596", "contracts": "4693", "currencies": "2426"}, {"date": {"date": "2021-07-13"}, "trades": "191744", "traders": "43263", "contracts": "4760", "currencies": "2401"}, {"date": {"date": "2021-07-14"}, "trades": "202780", "traders": "43264", "contracts": "4677", "currencies": "2369"}, {"date": {"date": "2021-07-15"}, "trades": "207511", "traders": "45772", "contracts": "4514", "currencies": "2321"}, {"date": {"date": "2021-07-16"}, "trades": "178151", "traders": "41324", "contracts": "4581", "currencies": "2351"}, {"date": {"date": "2021-07-17"}, "trades": "177869", "traders": "41280", "contracts": "4777", "currencies": "2437"}, {"date": {"date": "2021-07-18"}, "trades": "173507", "traders": "39887", "contracts": "4805", "currencies": "2514"}, {"date": {"date": "2021-07-19"}, "trades": "180389", "traders": "40298", "contracts": "4960", "currencies": "2557"}, {"date": {"date": "2021-07-20"}, "trades": "187814", "traders": "40941", "contracts": "5083", "currencies": "2537"}, {"date": {"date": "2021-07-21"}, "trades": "188432", "traders": "39652", "contracts": "5264", "currencies": "2635"}, {"date": {"date": "2021-07-22"}, "trades": "167937", "traders": "37282", "contracts": "4735", "currencies": "2437"}, {"date": {"date": "2021-07-23"}, "trades": "182888", "traders": "38932", "contracts": "4904", "currencies": "2519"}, {"date": {"date": "2021-07-24"}, "trades": "206411", "traders": "42563", "contracts": "5378", "currencies": "2745"}, {"date": {"date": "2021-07-25"}, "trades": "193799", "traders": "39923", "contracts": "4903", "currencies": "2522"}, {"date": {"date": "2021-07-26"}, "trades": "221395", "traders": "43646", "contracts": "5010", "currencies": "2557"}, {"date": {"date": "2021-07-27"}, "trades": "172777", "traders": "36513", "contracts": "4781", "currencies": "2486"}, {"date": {"date": "2021-07-28"}, "trades": "175373", "traders": "38695", "contracts": "4587", "currencies": "2391"}, {"date": {"date": "2021-07-29"}, "trades": "202261", "traders": "45642", "contracts": "4615", "currencies": "2409"}, {"date": {"date": "2021-07-30"}, "trades": "202824", "traders": "46125", "contracts": "4709", "currencies": "2444"}, {"date": {"date": "2021-07-31"}, "trades": "201826", "traders": "47482", "contracts": "4922", "currencies": "2494"}, {"date": {"date": "2021-08-01"}, "trades": "193383", "traders": "44055", "contracts": "4977", "currencies": "2544"}, {"date": {"date": "2021-08-02"}, "trades": "167981", "traders": "39034", "contracts": "4595", "currencies": "2443"}, {"date": {"date": "2021-08-03"}, "trades": "169194", "traders": "38163", "contracts": "4475", "currencies": "2323"}, {"date": {"date": "2021-08-04"}, "trades": "177576", "traders": "39408", "contracts": "4638", "currencies": "2429"}, {"date": {"date": "2021-08-05"}, "trades": "162210", "traders": "35447", "contracts": "4442", "currencies": "2304"}, {"date": {"date": "2021-08-06"}, "trades": "155440", "traders": "35730", "contracts": "4601", "currencies": "2341"}, {"date": {"date": "2021-08-07"}, "trades": "165432", "traders": "36850", "contracts": "4753", "currencies": "2465"}, {"date": {"date": "2021-08-08"}, "trades": "156887", "traders": "37785", "contracts": "4829", "currencies": "2527"}, {"date": {"date": "2021-08-09"}, "trades": "152480", "traders": "34076", "contracts": "4366", "currencies": "2310"}, {"date": {"date": "2021-08-10"}, "trades": "144617", "traders": "34026", "contracts": "4380", "currencies": "2319"}, {"date": {"date": "2021-08-11"}, "trades": "161660", "traders": "36181", "contracts": "4337", "currencies": "2322"}, {"date": {"date": "2021-08-12"}, "trades": "151401", "traders": "34826", "contracts": "4448", "currencies": "2354"}, {"date": {"date": "2021-08-13"}, "trades": "142181", "traders": "34597", "contracts": "4457", "currencies": "2362"}, {"date": {"date": "2021-08-14"}, "trades": "142520", "traders": "36333", "contracts": "4515", "currencies": "2366"}, {"date": {"date": "2021-08-15"}, "trades": "136890", "traders": "33973", "contracts": "4407", "currencies": "2382"}, {"date": {"date": "2021-08-16"}, "trades": "150668", "traders": "35576", "contracts": "4445", "currencies": "2339"}, {"date": {"date": "2021-08-17"}, "trades": "176625", "traders": "38953", "contracts": "4553", "currencies": "2375"}, {"date": {"date": "2021-08-18"}, "trades": "180040", "traders": "40097", "contracts": "4502", "currencies": "2341"}, {"date": {"date": "2021-08-19"}, "trades": "181612", "traders": "41552", "contracts": "4845", "currencies": "2567"}, {"date": {"date": "2021-08-20"}, "trades": "184786", "traders": "43065", "contracts": "4954", "currencies": "2589"}, {"date": {"date": "2021-08-21"}, "trades": "166641", "traders": "38574", "contracts": "4877", "currencies": "2555"}, {"date": {"date": "2021-08-22"}, "trades": "178890", "traders": "41377", "contracts": "4732", "currencies": "2544"}, {"date": {"date": "2021-08-23"}, "trades": "173986", "traders": "40064", "contracts": "4412", "currencies": "2369"}, {"date": {"date": "2021-08-24"}, "trades": "150318", "traders": "34338", "contracts": "4134", "currencies": "2174"}, {"date": {"date": "2021-08-25"}, "trades": "138156", "traders": "31504", "contracts": "4028", "currencies": "2114"}, {"date": {"date": "2021-08-26"}, "trades": "142901", "traders": "33027", "contracts": "4106", "currencies": "2171"}, {"date": {"date": "2021-08-27"}, "trades": "111809", "traders": "27154", "contracts": "3921", "currencies": "2094"}, {"date": {"date": "2021-08-28"}, "trades": "116232", "traders": "28988", "contracts": "4173", "currencies": "2245"}, {"date": {"date": "2021-08-29"}, "trades": "119970", "traders": "28900", "contracts": "4050", "currencies": "2174"}, {"date": {"date": "2021-08-30"}, "trades": "124066", "traders": "28219", "contracts": "3900", "currencies": "2045"}, {"date": {"date": "2021-08-31"}, "trades": "120613", "traders": "27123", "contracts": "4009", "currencies": "2124"}, {"date": {"date": "2021-09-01"}, "trades": "114262", "traders": "25995", "contracts": "4069", "currencies": "2162"}, {"date": {"date": "2021-09-02"}, "trades": "120740", "traders": "30183", "contracts": "3993", "currencies": "2149"}, {"date": {"date": "2021-09-03"}, "trades": "108972", "traders": "27373", "contracts": "3699", "currencies": "1987"}, {"date": {"date": "2021-09-04"}, "trades": "105114", "traders": "25775", "contracts": "3792", "currencies": "2048"}, {"date": {"date": "2021-09-05"}, "trades": "107921", "traders": "26845", "contracts": "3868", "currencies": "2080"}, {"date": {"date": "2021-09-06"}, "trades": "119886", "traders": "28566", "contracts": "3849", "currencies": "2069"}, {"date": {"date": "2021-09-07"}, "trades": "143944", "traders": "30002", "contracts": "4076", "currencies": "2121"}, {"date": {"date": "2021-09-08"}, "trades": "130091", "traders": "27668", "contracts": "3850", "currencies": "1977"}, {"date": {"date": "2021-09-09"}, "trades": "118129", "traders": "27774", "contracts": "3799", "currencies": "1952"}, {"date": {"date": "2021-09-10"}, "trades": "137730", "traders": "30593", "contracts": "4116", "currencies": "2172"}, {"date": {"date": "2021-09-11"}, "trades": "135264", "traders": "31209", "contracts": "4386", "currencies": "2339"}, {"date": {"date": "2021-09-12"}, "trades": "126451", "traders": "30090", "contracts": "4400", "currencies": "2323"}, {"date": {"date": "2021-09-13"}, "trades": "130808", "traders": "29654", "contracts": "4215", "currencies": "2200"}, {"date": {"date": "2021-09-14"}, "trades": "136264", "traders": "33033", "contracts": "4433", "currencies": "2325"}, {"date": {"date": "2021-09-15"}, "trades": "138001", "traders": "33431", "contracts": "4354", "currencies": "2248"}, {"date": {"date": "2021-09-16"}, "trades": "143137", "traders": "34566", "contracts": "4341", "currencies": "2274"}, {"date": {"date": "2021-09-17"}, "trades": "127167", "traders": "30698", "contracts": "4202", "currencies": "2210"}, {"date": {"date": "2021-09-18"}, "trades": "133884", "traders": "33429", "contracts": "4377", "currencies": "2333"}, {"date": {"date": "2021-09-19"}, "trades": "129537", "traders": "32220", "contracts": "4319", "currencies": "2288"}, {"date": {"date": "2021-09-20"}, "trades": "151405", "traders": "32318", "contracts": "4311", "currencies": "2193"}, {"date": {"date": "2021-09-21"}, "trades": "132924", "traders": "29799", "contracts": "4134", "currencies": "2084"}, {"date": {"date": "2021-09-22"}, "trades": "141321", "traders": "33493", "contracts": "4332", "currencies": "2223"}, {"date": {"date": "2021-09-23"}, "trades": "128160", "traders": "32031", "contracts": "4082", "currencies": "2143"}, {"date": {"date": "2021-09-24"}, "trades": "134384", "traders": "29878", "contracts": "4126", "currencies": "2123"}, {"date": {"date": "2021-09-25"}, "trades": "123267", "traders": "28732", "contracts": "4511", "currencies": "2360"}, {"date": {"date": "2021-09-26"}, "trades": "130520", "traders": "26877", "contracts": "4367", "currencies": "2231"}, {"date": {"date": "2021-09-27"}, "trades": "117439", "traders": "28800", "contracts": "3989", "currencies": "2110"}, {"date": {"date": "2021-09-28"}, "trades": "113397", "traders": "29109", "contracts": "3889", "currencies": "2054"}, {"date": {"date": "2021-09-29"}, "trades": "124428", "traders": "31205", "contracts": "4014", "currencies": "2153"}, {"date": {"date": "2021-09-30"}, "trades": "116593", "traders": "29887", "contracts": "3912", "currencies": "2043"}, {"date": {"date": "2021-10-01"}, "trades": "119009", "traders": "30188", "contracts": "4069", "currencies": "2140"}, {"date": {"date": "2021-10-02"}, "trades": "122586", "traders": "30805", "contracts": "4361", "currencies": "2280"}, {"date": {"date": "2021-10-03"}, "trades": "122748", "traders": "31099", "contracts": "4174", "currencies": "2264"}, {"date": {"date": "2021-10-04"}, "trades": "115885", "traders": "27791", "contracts": "3877", "currencies": "2072"}, {"date": {"date": "2021-10-05"}, "trades": "124141", "traders": "31523", "contracts": "3849", "currencies": "2054"}, {"date": {"date": "2021-10-06"}, "trades": "124660", "traders": "31377", "contracts": "3827", "currencies": "2062"}, {"date": {"date": "2021-10-07"}, "trades": "139875", "traders": "35323", "contracts": "3725", "currencies": "1990"}, {"date": {"date": "2021-10-08"}, "trades": "115728", "traders": "32540", "contracts": "3816", "currencies": "2035"}, {"date": {"date": "2021-10-09"}, "trades": "127976", "traders": "37121", "contracts": "4154", "currencies": "2214"}, {"date": {"date": "2021-10-10"}, "trades": "133786", "traders": "37133", "contracts": "4159", "currencies": "2227"}, {"date": {"date": "2021-10-11"}, "trades": "140055", "traders": "37106", "contracts": "3930", "currencies": "2083"}, {"date": {"date": "2021-10-12"}, "trades": "152731", "traders": "41449", "contracts": "4192", "currencies": "2214"}, {"date": {"date": "2021-10-13"}, "trades": "150414", "traders": "41074", "contracts": "3973", "currencies": "2089"}, {"date": {"date": "2021-10-14"}, "trades": "159035", "traders": "43271", "contracts": "3967", "currencies": "2144"}, {"date": {"date": "2021-10-15"}, "trades": "155942", "traders": "36672", "contracts": "3896", "currencies": "2089"}, {"date": {"date": "2021-10-16"}, "trades": "143970", "traders": "39596", "contracts": "4235", "currencies": "2291"}, {"date": {"date": "2021-10-17"}, "trades": "149404", "traders": "41156", "contracts": "4252", "currencies": "2327"}, {"date": {"date": "2021-10-18"}, "trades": "152061", "traders": "41515", "contracts": "4244", "currencies": "2313"}, {"date": {"date": "2021-10-19"}, "trades": "168591", "traders": "44984", "contracts": "4456", "currencies": "2455"}, {"date": {"date": "2021-10-20"}, "trades": "172930", "traders": "47622", "contracts": "4523", "currencies": "2465"}, {"date": {"date": "2021-10-21"}, "trades": "160778", "traders": "44207", "contracts": "4448", "currencies": "2414"}, {"date": {"date": "2021-10-22"}, "trades": "162438", "traders": "49856", "contracts": "4402", "currencies": "2384"}, {"date": {"date": "2021-10-23"}, "trades": "176090", "traders": "58531", "contracts": "4491", "currencies": "2453"}, {"date": {"date": "2021-10-24"}, "trades": "194285", "traders": "60448", "contracts": "4382", "currencies": "2382"}, {"date": {"date": "2021-10-25"}, "trades": "195581", "traders": "61007", "contracts": "4220", "currencies": "2342"}, {"date": {"date": "2021-10-26"}, "trades": "210540", "traders": "68666", "contracts": "4040", "currencies": "2205"}, {"date": {"date": "2021-10-27"}, "trades": "202898", "traders": "57247", "contracts": "3963", "currencies": "2128"}, {"date": {"date": "2021-10-28"}, "trades": "211976", "traders": "65269", "contracts": "3939", "currencies": "2098"}, {"date": {"date": "2021-10-29"}, "trades": "215668", "traders": "70214", "contracts": "4132", "currencies": "2253"}, {"date": {"date": "2021-10-30"}, "trades": "237771", "traders": "74833", "contracts": "4152", "currencies": "2237"}, {"date": {"date": "2021-10-31"}, "trades": "215133", "traders": "65131", "contracts": "4227", "currencies": "2275"}, {"date": {"date": "2021-11-01"}, "trades": "193285", "traders": "61203", "contracts": "4076", "currencies": "2256"}, {"date": {"date": "2021-11-02"}, "trades": "209304", "traders": "64989", "contracts": "4092", "currencies": "2285"}, {"date": {"date": "2021-11-03"}, "trades": "214449", "traders": "63667", "contracts": "4281", "currencies": "2368"}, {"date": {"date": "2021-11-04"}, "trades": "198694", "traders": "59177", "contracts": "4352", "currencies": "2446"}, {"date": {"date": "2021-11-05"}, "trades": "193564", "traders": "59695", "contracts": "4258", "currencies": "2415"}, {"date": {"date": "2021-11-06"}, "trades": "193331", "traders": "62160", "contracts": "4446", "currencies": "2488"}, {"date": {"date": "2021-11-07"}, "trades": "205720", "traders": "65624", "contracts": "4667", "currencies": "2615"}, {"date": {"date": "2021-11-08"}, "trades": "199408", "traders": "59002", "contracts": "4498", "currencies": "2523"}, {"date": {"date": "2021-11-09"}, "trades": "184484", "traders": "49037", "contracts": "3982", "currencies": "2251"}, {"date": {"date": "2021-11-10"}, "trades": "198758", "traders": "53169", "contracts": "4168", "currencies": "2308"}, {"date": {"date": "2021-11-11"}, "trades": "220421", "traders": "58148", "contracts": "4308", "currencies": "2459"}, {"date": {"date": "2021-11-12"}, "trades": "231071", "traders": "64972", "contracts": "4398", "currencies": "2574"}, {"date": {"date": "2021-11-13"}, "trades": "205679", "traders": "64020", "contracts": "4394", "currencies": "2534"}, {"date": {"date": "2021-11-14"}, "trades": "196986", "traders": "61181", "contracts": "4465", "currencies": "2585"}, {"date": {"date": "2021-11-15"}, "trades": "173617", "traders": "49344", "contracts": "4142", "currencies": "2372"}, {"date": {"date": "2021-11-16"}, "trades": "174755", "traders": "47833", "contracts": "4369", "currencies": "2425"}, {"date": {"date": "2021-11-17"}, "trades": "165517", "traders": "46004", "contracts": "4334", "currencies": "2426"}, {"date": {"date": "2021-11-18"}, "trades": "186217", "traders": "50455", "contracts": "4313", "currencies": "2411"}, {"date": {"date": "2021-11-19"}, "trades": "171571", "traders": "48090", "contracts": "4356", "currencies": "2414"}, {"date": {"date": "2021-11-20"}, "trades": "171028", "traders": "46027", "contracts": "4453", "currencies": "2507"}, {"date": {"date": "2021-11-21"}, "trades": "174454", "traders": "46242", "contracts": "4441", "currencies": "2547"}, {"date": {"date": "2021-11-22"}, "trades": "153322", "traders": "41088", "contracts": "3990", "currencies": "2280"}, {"date": {"date": "2021-11-23"}, "trades": "167602", "traders": "44323", "contracts": "4289", "currencies": "2377"}, {"date": {"date": "2021-11-24"}, "trades": "185239", "traders": "46479", "contracts": "4340", "currencies": "2409"}, {"date": {"date": "2021-11-25"}, "trades": "191764", "traders": "47741", "contracts": "4473", "currencies": "2478"}, {"date": {"date": "2021-11-26"}, "trades": "188112", "traders": "44371", "contracts": "4534", "currencies": "2502"}, {"date": {"date": "2021-11-27"}, "trades": "167500", "traders": "41730", "contracts": "4322", "currencies": "2417"}, {"date": {"date": "2021-11-28"}, "trades": "151653", "traders": "37420", "contracts": "4410", "currencies": "2450"}, {"date": {"date": "2021-11-29"}, "trades": "149869", "traders": "40377", "contracts": "4259", "currencies": "2411"}, {"date": {"date": "2021-11-30"}, "trades": "157352", "traders": "37975", "contracts": "4324", "currencies": "2436"}, {"date": {"date": "2021-12-01"}, "trades": "136698", "traders": "35913", "contracts": "4112", "currencies": "2325"}, {"date": {"date": "2021-12-02"}, "trades": "142525", "traders": "37832", "contracts": "4312", "currencies": "2456"}, {"date": {"date": "2021-12-03"}, "trades": "142787", "traders": "35034", "contracts": "4399", "currencies": "2463"}, {"date": {"date": "2021-12-04"}, "trades": "155626", "traders": "35350", "contracts": "4508", "currencies": "2418"}, {"date": {"date": "2021-12-05"}, "trades": "127391", "traders": "33551", "contracts": "4347", "currencies": "2423"}, {"date": {"date": "2021-12-06"}, "trades": "153642", "traders": "36161", "contracts": "4321", "currencies": "2441"}, {"date": {"date": "2021-12-07"}, "trades": "130642", "traders": "32879", "contracts": "4455", "currencies": "2547"}, {"date": {"date": "2021-12-08"}, "trades": "132191", "traders": "33506", "contracts": "4475", "currencies": "2562"}, {"date": {"date": "2021-12-09"}, "trades": "150400", "traders": "35963", "contracts": "4330", "currencies": "2505"}, {"date": {"date": "2021-12-10"}, "trades": "156305", "traders": "38065", "contracts": "4599", "currencies": "2670"}, {"date": {"date": "2021-12-11"}, "trades": "142499", "traders": "36904", "contracts": "4502", "currencies": "2597"}, {"date": {"date": "2021-12-12"}, "trades": "123737", "traders": "32797", "contracts": "4577", "currencies": "2661"}, {"date": {"date": "2021-12-13"}, "trades": "133144", "traders": "30618", "contracts": "4458", "currencies": "2543"}, {"date": {"date": "2021-12-14"}, "trades": "128402", "traders": "32174", "contracts": "4438", "currencies": "2509"}, {"date": {"date": "2021-12-15"}, "trades": "135606", "traders": "32172", "contracts": "4242", "currencies": "2403"}, {"date": {"date": "2021-12-16"}, "trades": "113211", "traders": "30718", "contracts": "3994", "currencies": "2271"}, {"date": {"date": "2021-12-17"}, "trades": "131814", "traders": "35431", "contracts": "4288", "currencies": "2397"}, {"date": {"date": "2021-12-18"}, "trades": "133410", "traders": "35687", "contracts": "4395", "currencies": "2514"}, {"date": {"date": "2021-12-19"}, "trades": "144429", "traders": "36563", "contracts": "4468", "currencies": "2601"}, {"date": {"date": "2021-12-20"}, "trades": "152032", "traders": "36077", "contracts": "4515", "currencies": "2600"}, {"date": {"date": "2021-12-21"}, "trades": "147032", "traders": "36139", "contracts": "4363", "currencies": "2509"}, {"date": {"date": "2021-12-22"}, "trades": "139352", "traders": "34219", "contracts": "4342", "currencies": "2440"}, {"date": {"date": "2021-12-23"}, "trades": "141715", "traders": "33487", "contracts": "4326", "currencies": "2394"}, {"date": {"date": "2021-12-24"}, "trades": "153284", "traders": "36319", "contracts": "4442", "currencies": "2507"}, {"date": {"date": "2021-12-25"}, "trades": "194396", "traders": "41297", "contracts": "4020", "currencies": "2293"}, {"date": {"date": "2021-12-26"}, "trades": "148928", "traders": "36135", "contracts": "4503", "currencies": "2551"}, {"date": {"date": "2021-12-27"}, "trades": "146909", "traders": "36106", "contracts": "4395", "currencies": "2485"}, {"date": {"date": "2021-12-28"}, "trades": "146216", "traders": "34652", "contracts": "4169", "currencies": "2350"}, {"date": {"date": "2021-12-29"}, "trades": "158974", "traders": "33908", "contracts": "4055", "currencies": "2403"}, {"date": {"date": "2021-12-30"}, "trades": "132304", "traders": "33529", "contracts": "4216", "currencies": "2428"}, {"date": {"date": "2021-12-31"}, "trades": "149659", "traders": "37416", "contracts": "4695", "currencies": "2814"}, {"date": {"date": "2022-01-01"}, "trades": "124083", "traders": "31805", "contracts": "4155", "currencies": "2398"}, {"date": {"date": "2022-01-02"}, "trades": "123898", "traders": "31268", "contracts": "3924", "currencies": "2138"}, {"date": {"date": "2022-01-03"}, "trades": "128741", "traders": "32419", "contracts": "3948", "currencies": "2217"}, {"date": {"date": "2022-01-04"}, "trades": "123330", "traders": "34089", "contracts": "3747", "currencies": "2087"}, {"date": {"date": "2022-01-05"}, "trades": "140773", "traders": "34834", "contracts": "3799", "currencies": "2029"}, {"date": {"date": "2022-01-06"}, "trades": "129110", "traders": "33003", "contracts": "3973", "currencies": "2108"}, {"date": {"date": "2022-01-07"}, "trades": "126368", "traders": "30222", "contracts": "3894", "currencies": "2052"}, {"date": {"date": "2022-01-08"}, "trades": "112447", "traders": "28970", "contracts": "3975", "currencies": "2087"}, {"date": {"date": "2022-01-09"}, "trades": "82992", "traders": "21779", "contracts": "3375", "currencies": "1833"}, {"date": {"date": "2022-01-10"}, "trades": "126900", "traders": "26642", "contracts": "3194", "currencies": "1771"}, {"date": {"date": "2022-01-11"}, "trades": "117819", "traders": "28650", "contracts": "3376", "currencies": "1831"}, {"date": {"date": "2022-01-12"}, "trades": "113557", "traders": "28747", "contracts": "3492", "currencies": "1861"}, {"date": {"date": "2022-01-13"}, "trades": "101142", "traders": "25726", "contracts": "3403", "currencies": "1883"}, {"date": {"date": "2022-01-14"}, "trades": "104597", "traders": "29062", "contracts": "3272", "currencies": "1817"}, {"date": {"date": "2022-01-15"}, "trades": "93900", "traders": "26459", "contracts": "3497", "currencies": "1964"}, {"date": {"date": "2022-01-16"}, "trades": "95233", "traders": "26157", "contracts": "3513", "currencies": "2012"}, {"date": {"date": "2022-01-17"}, "trades": "113533", "traders": "28549", "contracts": "3637", "currencies": "2066"}, {"date": {"date": "2022-01-18"}, "trades": "109119", "traders": "27827", "contracts": "3837", "currencies": "2164"}, {"date": {"date": "2022-01-19"}, "trades": "113176", "traders": "29392", "contracts": "3797", "currencies": "2129"}, {"date": {"date": "2022-01-20"}, "trades": "119703", "traders": "31283", "contracts": "3702", "currencies": "2129"}, {"date": {"date": "2022-01-21"}, "trades": "142797", "traders": "31525", "contracts": "3912", "currencies": "2110"}, {"date": {"date": "2022-01-22"}, "trades": "145958", "traders": "30736", "contracts": "4304", "currencies": "2214"}, {"date": {"date": "2022-01-23"}, "trades": "97687", "traders": "24456", "contracts": "3734", "currencies": "2019"}, {"date": {"date": "2022-01-24"}, "trades": "122857", "traders": "25504", "contracts": "3964", "currencies": "2085"}, {"date": {"date": "2022-01-25"}, "trades": "102147", "traders": "24382", "contracts": "3630", "currencies": "1973"}, {"date": {"date": "2022-01-26"}, "trades": "112803", "traders": "25135", "contracts": "3665", "currencies": "2049"}, {"date": {"date": "2022-01-27"}, "trades": "96080", "traders": "21975", "contracts": "3429", "currencies": "1884"}, {"date": {"date": "2022-01-28"}, "trades": "89933", "traders": "23586", "contracts": "3378", "currencies": "1959"}, {"date": {"date": "2022-01-29"}, "trades": "87076", "traders": "23275", "contracts": "3617", "currencies": "2014"}, {"date": {"date": "2022-01-30"}, "trades": "82018", "traders": "20981", "contracts": "3571", "currencies": "2061"}, {"date": {"date": "2022-01-31"}, "trades": "84262", "traders": "20588", "contracts": "3550", "currencies": "2030"}, {"date": {"date": "2022-02-01"}, "trades": "87241", "traders": "23162", "contracts": "3529", "currencies": "2017"}, {"date": {"date": "2022-02-02"}, "trades": "93167", "traders": "25683", "contracts": "3443", "currencies": "2005"}, {"date": {"date": "2022-02-03"}, "trades": "89624", "traders": "22790", "contracts": "3672", "currencies": "2058"}, {"date": {"date": "2022-02-04"}, "trades": "107463", "traders": "26445", "contracts": "3955", "currencies": "2277"}, {"date": {"date": "2022-02-05"}, "trades": "97297", "traders": "24753", "contracts": "4244", "currencies": "2368"}, {"date": {"date": "2022-02-06"}, "trades": "100750", "traders": "26095", "contracts": "3896", "currencies": "2332"}, {"date": {"date": "2022-02-07"}, "trades": "104119", "traders": "26049", "contracts": "3703", "currencies": "2158"}, {"date": {"date": "2022-02-08"}, "trades": "117512", "traders": "28150", "contracts": "4014", "currencies": "2323"}, {"date": {"date": "2022-02-09"}, "trades": "124128", "traders": "31204", "contracts": "3957", "currencies": "2340"}, {"date": {"date": "2022-02-10"}, "trades": "113900", "traders": "27820", "contracts": "3910", "currencies": "2270"}, {"date": {"date": "2022-02-11"}, "trades": "127504", "traders": "33648", "contracts": "4208", "currencies": "2398"}, {"date": {"date": "2022-02-12"}, "trades": "116002", "traders": "30939", "contracts": "4098", "currencies": "2340"}, {"date": {"date": "2022-02-13"}, "trades": "101695", "traders": "25631", "contracts": "4078", "currencies": "2407"}, {"date": {"date": "2022-02-14"}, "trades": "110808", "traders": "23762", "contracts": "4076", "currencies": "2402"}, {"date": {"date": "2022-02-15"}, "trades": "111364", "traders": "26949", "contracts": "4002", "currencies": "2298"}, {"date": {"date": "2022-02-16"}, "trades": "113957", "traders": "28636", "contracts": "3806", "currencies": "2227"}, {"date": {"date": "2022-02-17"}, "trades": "118351", "traders": "27671", "contracts": "3936", "currencies": "2297"}, {"date": {"date": "2022-02-18"}, "trades": "109413", "traders": "24046", "contracts": "3593", "currencies": "2069"}, {"date": {"date": "2022-02-19"}, "trades": "95920", "traders": "22450", "contracts": "3914", "currencies": "2232"}, {"date": {"date": "2022-02-20"}, "trades": "104417", "traders": "24214", "contracts": "4091", "currencies": "2343"}, {"date": {"date": "2022-02-21"}, "trades": "94355", "traders": "21314", "contracts": "3591", "currencies": "2093"}, {"date": {"date": "2022-02-22"}, "trades": "104023", "traders": "24054", "contracts": "3980", "currencies": "2286"}, {"date": {"date": "2022-02-23"}, "trades": "96097", "traders": "24059", "contracts": "3855", "currencies": "2258"}, {"date": {"date": "2022-02-24"}, "trades": "148350", "traders": "30359", "contracts": "4466", "currencies": "2470"}, {"date": {"date": "2022-02-25"}, "trades": "93447", "traders": "21428", "contracts": "4087", "currencies": "2297"}, {"date": {"date": "2022-02-26"}, "trades": "87999", "traders": "20416", "contracts": "4344", "currencies": "2495"}, {"date": {"date": "2022-02-27"}, "trades": "99354", "traders": "21583", "contracts": "4228", "currencies": "2512"}, {"date": {"date": "2022-02-28"}, "trades": "92627", "traders": "20856", "contracts": "3852", "currencies": "2219"}, {"date": {"date": "2022-03-01"}, "trades": "111158", "traders": "24470", "contracts": "4239", "currencies": "2431"}, {"date": {"date": "2022-03-02"}, "trades": "114379", "traders": "25240", "contracts": "4208", "currencies": "2484"}, {"date": {"date": "2022-03-03"}, "trades": "115394", "traders": "26199", "contracts": "4104", "currencies": "2406"}, {"date": {"date": "2022-03-04"}, "trades": "117422", "traders": "25723", "contracts": "4331", "currencies": "2479"}, {"date": {"date": "2022-03-05"}, "trades": "110397", "traders": "25018", "contracts": "4380", "currencies": "2570"}, {"date": {"date": "2022-03-06"}, "trades": "106882", "traders": "22938", "contracts": "4278", "currencies": "2584"}, {"date": {"date": "2022-03-07"}, "trades": "121343", "traders": "24909", "contracts": "4557", "currencies": "2644"}, {"date": {"date": "2022-03-08"}, "trades": "119878", "traders": "25021", "contracts": "4388", "currencies": "2625"}, {"date": {"date": "2022-03-09"}, "trades": "122952", "traders": "27444", "contracts": "4471", "currencies": "2600"}, {"date": {"date": "2022-03-10"}, "trades": "111420", "traders": "24209", "contracts": "4394", "currencies": "2564"}, {"date": {"date": "2022-03-11"}, "trades": "113629", "traders": "24133", "contracts": "4430", "currencies": "2600"}, {"date": {"date": "2022-03-12"}, "trades": "101515", "traders": "23437", "contracts": "4572", "currencies": "2755"}, {"date": {"date": "2022-03-13"}, "trades": "111386", "traders": "23436", "contracts": "4521", "currencies": "2800"}, {"date": {"date": "2022-03-14"}, "trades": "116480", "traders": "24193", "contracts": "4460", "currencies": "2709"}, {"date": {"date": "2022-03-15"}, "trades": "121260", "traders": "26501", "contracts": "4329", "currencies": "2561"}, {"date": {"date": "2022-03-16"}, "trades": "116616", "traders": "24630", "contracts": "4313", "currencies": "2530"}, {"date": {"date": "2022-03-17"}, "trades": "129280", "traders": "30292", "contracts": "4312", "currencies": "2550"}, {"date": {"date": "2022-03-18"}, "trades": "137520", "traders": "27994", "contracts": "4037", "currencies": "2354"}, {"date": {"date": "2022-03-19"}, "trades": "123555", "traders": "25478", "contracts": "4648", "currencies": "2714"}, {"date": {"date": "2022-03-20"}, "trades": "118216", "traders": "23658", "contracts": "4686", "currencies": "2799"}, {"date": {"date": "2022-03-21"}, "trades": "116865", "traders": "23950", "contracts": "4308", "currencies": "2614"}, {"date": {"date": "2022-03-22"}, "trades": "120054", "traders": "26824", "contracts": "4399", "currencies": "2603"}, {"date": {"date": "2022-03-23"}, "trades": "113770", "traders": "24364", "contracts": "4271", "currencies": "2519"}, {"date": {"date": "2022-03-24"}, "trades": "119996", "traders": "26024", "contracts": "4188", "currencies": "2466"}, {"date": {"date": "2022-03-25"}, "trades": "122299", "traders": "26349", "contracts": "4314", "currencies": "2504"}, {"date": {"date": "2022-03-26"}, "trades": "102570", "traders": "22895", "contracts": "4138", "currencies": "2427"}, {"date": {"date": "2022-03-27"}, "trades": "119813", "traders": "25662", "contracts": "4484", "currencies": "2644"}, {"date": {"date": "2022-03-28"}, "trades": "150811", "traders": "34045", "contracts": "4528", "currencies": "2613"}, {"date": {"date": "2022-03-29"}, "trades": "149969", "traders": "32966", "contracts": "4503", "currencies": "2621"}, {"date": {"date": "2022-03-30"}, "trades": "137490", "traders": "30769", "contracts": "4267", "currencies": "2491"}, {"date": {"date": "2022-03-31"}, "trades": "133014", "traders": "28852", "contracts": "4333", "currencies": "2526"}, {"date": {"date": "2022-04-01"}, "trades": "136295", "traders": "29514", "contracts": "4013", "currencies": "2323"}, {"date": {"date": "2022-04-02"}, "trades": "144222", "traders": "30393", "contracts": "4155", "currencies": "2445"}, {"date": {"date": "2022-04-03"}, "trades": "133327", "traders": "27406", "contracts": "4136", "currencies": "2498"}, {"date": {"date": "2022-04-04"}, "trades": "139250", "traders": "28391", "contracts": "4031", "currencies": "2417"}, {"date": {"date": "2022-04-05"}, "trades": "119533", "traders": "26116", "contracts": "3874", "currencies": "2348"}, {"date": {"date": "2022-04-06"}, "trades": "133596", "traders": "27415", "contracts": "4520", "currencies": "2589"}, {"date": {"date": "2022-04-07"}, "trades": "107275", "traders": "23654", "contracts": "3896", "currencies": "2294"}, {"date": {"date": "2022-04-08"}, "trades": "106431", "traders": "22307", "contracts": "4052", "currencies": "2442"}, {"date": {"date": "2022-04-09"}, "trades": "101621", "traders": "22770", "contracts": "4444", "currencies": "2681"}, {"date": {"date": "2022-04-10"}, "trades": "102819", "traders": "21823", "contracts": "4374", "currencies": "2646"}, {"date": {"date": "2022-04-11"}, "trades": "133178", "traders": "26182", "contracts": "4420", "currencies": "2509"}, {"date": {"date": "2022-04-12"}, "trades": "118008", "traders": "24616", "contracts": "4118", "currencies": "2392"}, {"date": {"date": "2022-04-13"}, "trades": "113947", "traders": "23406", "contracts": "3940", "currencies": "2337"}, {"date": {"date": "2022-04-14"}, "trades": "122450", "traders": "24293", "contracts": "4007", "currencies": "2440"}, {"date": {"date": "2022-04-15"}, "trades": "99741", "traders": "21710", "contracts": "4055", "currencies": "2439"}, {"date": {"date": "2022-04-16"}, "trades": "100769", "traders": "21826", "contracts": "4362", "currencies": "2673"}, {"date": {"date": "2022-04-17"}, "trades": "123509", "traders": "24199", "contracts": "4514", "currencies": "2777"}, {"date": {"date": "2022-04-18"}, "trades": "125257", "traders": "24716", "contracts": "4519", "currencies": "2701"}, {"date": {"date": "2022-04-19"}, "trades": "118007", "traders": "24459", "contracts": "4233", "currencies": "2565"}, {"date": {"date": "2022-04-20"}, "trades": "114594", "traders": "23657", "contracts": "3911", "currencies": "2374"}, {"date": {"date": "2022-04-21"}, "trades": "118525", "traders": "24279", "contracts": "3811", "currencies": "2280"}, {"date": {"date": "2022-04-22"}, "trades": "105558", "traders": "23777", "contracts": "4099", "currencies": "2408"}, {"date": {"date": "2022-04-23"}, "trades": "106972", "traders": "23026", "contracts": "4163", "currencies": "2545"}, {"date": {"date": "2022-04-24"}, "trades": "97606", "traders": "21829", "contracts": "4138", "currencies": "2537"}, {"date": {"date": "2022-04-25"}, "trades": "119566", "traders": "24950", "contracts": "4114", "currencies": "2447"}, {"date": {"date": "2022-04-26"}, "trades": "113937", "traders": "26058", "contracts": "4232", "currencies": "2534"}, {"date": {"date": "2022-04-27"}, "trades": "112890", "traders": "24343", "contracts": "3965", "currencies": "2401"}, {"date": {"date": "2022-04-28"}, "trades": "121964", "traders": "26680", "contracts": "3978", "currencies": "2439"}, {"date": {"date": "2022-04-29"}, "trades": "138779", "traders": "29965", "contracts": "4085", "currencies": "2427"}, {"date": {"date": "2022-04-30"}, "trades": "138681", "traders": "28006", "contracts": "4023", "currencies": "2350"}, {"date": {"date": "2022-05-01"}, "trades": "92153", "traders": "18139", "contracts": "3477", "currencies": "2035"}, {"date": {"date": "2022-05-02"}, "trades": "86074", "traders": "17891", "contracts": "3367", "currencies": "2088"}, {"date": {"date": "2022-05-03"}, "trades": "84047", "traders": "18675", "contracts": "3564", "currencies": "2131"}, {"date": {"date": "2022-05-04"}, "trades": "102744", "traders": "21347", "contracts": "3931", "currencies": "2330"}, {"date": {"date": "2022-05-05"}, "trades": "96417", "traders": "20690", "contracts": "3939", "currencies": "2328"}, {"date": {"date": "2022-05-06"}, "trades": "93152", "traders": "20029", "contracts": "4004", "currencies": "2335"}, {"date": {"date": "2022-05-07"}, "trades": "81085", "traders": "18413", "contracts": "4106", "currencies": "2365"}, {"date": {"date": "2022-05-08"}, "trades": "100129", "traders": "20209", "contracts": "4725", "currencies": "2625"}, {"date": {"date": "2022-05-09"}, "trades": "130638", "traders": "23056", "contracts": "4241", "currencies": "2492"}, {"date": {"date": "2022-05-10"}, "trades": "131754", "traders": "22348", "contracts": "4074", "currencies": "2335"}, {"date": {"date": "2022-05-11"}, "trades": "157220", "traders": "22793", "contracts": "4107", "currencies": "2294"}, {"date": {"date": "2022-05-12"}, "trades": "143277", "traders": "21524", "contracts": "3903", "currencies": "2153"}, {"date": {"date": "2022-05-13"}, "trades": "138607", "traders": "24924", "contracts": "4310", "currencies": "2286"}, {"date": {"date": "2022-05-14"}, "trades": "144963", "traders": "26165", "contracts": "4711", "currencies": "2509"}, {"date": {"date": "2022-05-15"}, "trades": "128941", "traders": "23557", "contracts": "4887", "currencies": "2638"}, {"date": {"date": "2022-05-16"}, "trades": "120191", "traders": "20660", "contracts": "4591", "currencies": "2611"}, {"date": {"date": "2022-05-17"}, "trades": "100031", "traders": "18883", "contracts": "3989", "currencies": "2264"}, {"date": {"date": "2022-05-18"}, "trades": "109188", "traders": "19244", "contracts": "4251", "currencies": "2390"}, {"date": {"date": "2022-05-19"}, "trades": "121199", "traders": "21311", "contracts": "4442", "currencies": "2448"}, {"date": {"date": "2022-05-20"}, "trades": "103582", "traders": "18431", "contracts": "4064", "currencies": "2322"}, {"date": {"date": "2022-05-21"}, "trades": "88888", "traders": "16370", "contracts": "4158", "currencies": "2435"}, {"date": {"date": "2022-05-22"}, "trades": "91264", "traders": "17393", "contracts": "4178", "currencies": "2423"}, {"date": {"date": "2022-05-23"}, "trades": "117302", "traders": "20475", "contracts": "4380", "currencies": "2480"}, {"date": {"date": "2022-05-24"}, "trades": "60924", "traders": "11729", "contracts": "3499", "currencies": "1972"}]}}}